"","ID","Description","GeneRatio","BgRatio","pvalue","p.adjust","qvalue","geneID","Count"
"1","crg04146","Peroxisome","17 of 164","96/3838",3.82859542535483e-07,1.9323579032813e-05,1.59635163229101e-05,"105317035/105319352/105319409/105320492/105320624/105324552/105325181/105329168/105329358/105332999/105333701/105336995/105339902/105342001/105342925/105345139/105346656",17
"2","crg00071","Fatty acid degradation","11 of 164","40/3838",4.89204532476279e-07,1.9323579032813e-05,1.59635163229101e-05,"105319409/105321895/105332999/105333323/105333437/105335621/105336470/105341094/105342925/105346656/105348652",11
"3","crg01212","Fatty acid metabolism","12 of 164","59/3838",4.82860172769598e-06,0.000127153178829328,0.000105043265655141,"105319409/105320624/105321895/105325272/105330728/105332999/105333323/105333437/105341094/105342925/105346656/105348652",12
"4","crg04144","Endocytosis","21 of 164","177/3838",1.42263082938321e-05,0.000280969588803185,0.000232113451109893,"105321025/105317406/105317810/105317888/105318103/105318454/105318650/105320076/105325532/105326718/105329694/105332246/105335021/105336720/105340300/105342074/105342463/105342781/105342989/105347356/105333224",21
"5","crg04142","Lysosome","21 of 164","191/3838",4.58548874331017e-05,0.000724507221443007,0.000598526951758381,"105318146/105318218/105318342/105319353/105320723/105321566/105323285/105325272/105326821/105328916/105329527/105331028/105331657/105334333/105336087/105342463/105344281/105346717/105347059/105339566/105348190",21
"6","crg00640","Propanoate metabolism","6 of 164","30/3838",0.001403140040281,0.0184746771970332,0.0152622249995478,"105319409/105330479/105332278/105341094/105346656/105339502",6
