"","Time","Num_genes_3cpm","Num_genes_10cpm","perc_diff"
"1","all",13980,8460,60.5150214592275
"2","d0",15110,9207,60.9331568497684
"3","d7",14082,8548,60.7016048856696
"4","d14",14406,8626,59.8778286824934
"5","d21",13807,8421,60.9908017672195
