"","ID","Description","GeneRatio","BgRatio","pvalue","p.adjust","qvalue","geneID","Count"
"1","crg00071","Fatty acid degradation","8 of 75","40/3838",6.77708621349775e-07,5.01504379798834e-05,4.49427822579324e-05,"105319409/105321895/105332999/105333437/105336470/105342925/105346656/105326193",8
"2","crg00830","Retinol metabolism","6 of 75","23/3838",3.52960737910124e-06,0.000130595473026746,0.00011703434993862,"105320167/105321989/105323007/105331361/105336470/105336995",6
"3","crg04130","SNARE interactions in vesicular transport","5 of 75","25/3838",9.75532916877462e-05,0.00240631452829774,0.00215644118467649,"105319283/105328295/105328526/105328648/105340691",5
"4","crg00410","beta-Alanine metabolism","5 of 75","30/3838",0.0002424430622243,0.00448519665114954,0.00401945076845549,"105319409/105331957/105340590/105346656/105326193",5
"5","crg01212","Fatty acid metabolism","6 of 75","59/3838",0.00090209559486548,0.0133510148040091,0.0119646363108474,"105319409/105321895/105332999/105333437/105342925/105346656",6
"6","crg04146","Peroxisome","7 of 75","96/3838",0.00243376314825333,0.0300164121617911,0.0268994874280632,"105319409/105325181/105332999/105336995/105339902/105342925/105346656",7
