"","ID","Description","GeneRatio","BgRatio","pvalue","p.adjust","qvalue","geneID","Count"
"1","crg00562","Inositol phosphate metabolism","5 of 43","51/3838",0.000223091620972923,0.00717995679609522,0.00669900275233765,"105325477/105335845/105341855/105328981/105329464",5
"2","crg04070","Phosphatidylinositol signaling system","7 of 43","121/3838",0.000326361672549783,0.00717995679609522,0.00669900275233765,"105325477/105335247/105335845/105341855/105341856/105328981/105329464",7
"3","crg03430","Mismatch repair","3 of 43","24/3838",0.00225084980692589,0.0330124638349131,0.0308011026210911,"105320057/105328687/105348164",3
