"","GO_terms","X","over_represented_pvalue","under_represented_pvalue","numDEInCat","numInCat","term","ontology","moduleColor","Day","slim_term","Gene_IDs"
"1","GO:0000398",2,1.33191359460495e-05,0.999998060092879,10,117,"mRNA splicing, via spliceosome","BP","magenta","Day14","cellular nitrogen compound metaboli...","PGEN_.00g003300;PGEN_.00g006920;PGEN_.00g018860;PGEN_.00g037040;PGEN_.00g100020;PGEN_.00g131240;PGEN_.00g149780;PGEN_.00g187530;PGEN_.00g191370;PGEN_.00g193040;PGEN_.00g199600;PGEN_.00g230490;PGEN_.00g234200;PGEN_.00g245530;PGEN_.00g269480;PGEN_.00g274370;PGEN_.00g299050;PGEN_.00g305440;PGEN_.00g324980;PGEN_.00g332640"
"2","GO:0000398",2,1.33191359460495e-05,0.999998060092879,10,117,"mRNA splicing, via spliceosome","BP","magenta","Day14","mRNA processing","PGEN_.00g018860;PGEN_.00g037040;PGEN_.00g100020;PGEN_.00g131240;PGEN_.00g191370;PGEN_.00g230490;PGEN_.00g234200;PGEN_.00g245530;PGEN_.00g305440;PGEN_.00g332640"
"3","GO:0006355",5,0.0123109772157286,0.995273217923218,11,401,"regulation of transcription, DNA-templated","BP","magenta","Day14","cellular nitrogen compound metaboli...","PGEN_.00g003300;PGEN_.00g006920;PGEN_.00g018860;PGEN_.00g037040;PGEN_.00g100020;PGEN_.00g131240;PGEN_.00g149780;PGEN_.00g187530;PGEN_.00g191370;PGEN_.00g193040;PGEN_.00g199600;PGEN_.00g230490;PGEN_.00g234200;PGEN_.00g245530;PGEN_.00g269480;PGEN_.00g274370;PGEN_.00g299050;PGEN_.00g305440;PGEN_.00g324980;PGEN_.00g332640"
"4","GO:0006355",5,0.0123109772157286,0.995273217923218,11,401,"regulation of transcription, DNA-templated","BP","magenta","Day14","biosynthetic process","PGEN_.00g003300;PGEN_.00g006920;PGEN_.00g037040;PGEN_.00g149780;PGEN_.00g187530;PGEN_.00g193040;PGEN_.00g199600;PGEN_.00g269480;PGEN_.00g274370;PGEN_.00g299050;PGEN_.00g324980"
"5","GO:0006915",3,0.00163390382813574,0.999464974796085,13,308,"apoptotic process","BP","magenta","Day14","cell death","PGEN_.00g037040;PGEN_.00g053030;PGEN_.00g062260;PGEN_.00g098810;PGEN_.00g147540;PGEN_.00g177960;PGEN_.00g192120;PGEN_.00g245530;PGEN_.00g271140;PGEN_.00g316700;PGEN_.00g324980;PGEN_.00g327960;PGEN_.00g330020"
"6","GO:0007275",6,0.017661145758251,0.992863670741015,11,364,"multicellular organism development","BP","magenta","Day14","anatomical structure development","PGEN_.00g054520;PGEN_.00g108560;PGEN_.00g110870;PGEN_.00g135830;PGEN_.00g141080;PGEN_.00g151290;PGEN_.00g198260;PGEN_.00g204770;PGEN_.00g234200;PGEN_.00g284700;PGEN_.00g313510"
