"","ID","Description","GeneRatio","BgRatio","pvalue","p.adjust","qvalue","geneID","Count","GeneRatio_2","Rich_Factor"
"1","crg03050","Proteasome","5/61","45/3836",0.000645734557757428,0.0458471536007774,0.0401035146396718,"105327391/105329473/105330688/105337951/105341026",5,"5 of 61",0.111111111111111
