"","ID","Description","GeneRatio","BgRatio","pvalue","p.adjust","qvalue","geneID","Count"
"1","crg03050","Proteasome","5 of 61","45/3837",0.000644975612243859,0.045793268469314,0.0400563801288292,"105327391/105329473/105330688/105337951/105341026",5
