"","ID","Description","GeneRatio","BgRatio","pvalue","p.adjust","qvalue","geneID","Count"
"1","crg03040","Spliceosome","6 of 21","140/3837",7.314637309249e-05,0.00117034196947984,0.000846958004228831,"105322652/105329185/105337759/105340745/105347185/105348755",6
