"","ID","Description","GeneRatio","BgRatio","pvalue","p.adjust","qvalue","geneID","Count","GeneRatio_2","Rich_Factor"
"1","crg04146","Peroxisome","17/164","96/3836",3.85667144153069e-07,1.9423646848342e-05,1.60461839386703e-05,"105317035/105319352/105319409/105320492/105320624/105324552/105325181/105329168/105329358/105332999/105333701/105336995/105339902/105342001/105342925/105345139/105346656",17,"17 of 164",0.177083333333333
"2","crg00071","Fatty acid degradation","11/164","40/3836",4.91737894894734e-07,1.9423646848342e-05,1.60461839386703e-05,"105319409/105321895/105332999/105333323/105333437/105335621/105336470/105341094/105342925/105346656/105348652",11,"11 of 164",0.275
"3","crg01212","Fatty acid metabolism","12/164","59/3836",4.85440209200254e-06,0.000127832588422734,0.000105604536738301,"105319409/105320624/105321895/105325272/105330728/105332999/105333323/105333437/105341094/105342925/105346656/105348652",12,"12 of 164",0.203389830508475
"4","crg04144","Endocytosis","21/164","177/3836",1.43387299797761e-05,0.000283189917100577,0.000233947699670031,"105321025/105317406/105317810/105317888/105318103/105318454/105318650/105320076/105325532/105326718/105329694/105332246/105335021/105336720/105340300/105342074/105342463/105342781/105342989/105347356/105333224",21,"21 of 164",0.11864406779661
"5","crg04142","Lysosome","21/164","191/3836",4.62041496829666e-05,0.000730025564990872,0.000603085743230301,"105318146/105318218/105318342/105319353/105320723/105321566/105323285/105325272/105326821/105328916/105329527/105331028/105331657/105334333/105336087/105342463/105344281/105346717/105347059/105339566/105348190",21,"21 of 164",0.109947643979058
"6","crg00640","Propanoate metabolism","6/164","30/3836",0.00140690128988213,0.0185242003167813,0.0153031368373144,"105319409/105330479/105332278/105341094/105346656/105339502",6,"6 of 164",0.2
