"","ID","Description","GeneRatio","BgRatio","pvalue","p.adjust","qvalue","geneID","Count"
"1","crg03008","Ribosome biogenesis in eukaryotes","12 of 107","79/3837",1.27814472715341e-06,4.74491627304453e-05,4.42149229929948e-05,"105318560/105323847/105326651/105327664/105329502/105329551/105331087/105332140/105341403/105342694/105347334/105347537",12
"2","crg03013","RNA transport","16 of 107","144/3837",1.55571025345722e-06,4.74491627304453e-05,4.42149229929948e-05,"105338957/105318801/105319208/105321705/105321781/105322817/105327952/105328593/105330153/105331595/105331793/105336042/105343479/105317347/109617380/105344597",16
"3","crg03040","Spliceosome","14 of 107","140/3837",2.55024714380411e-05,0.000518550252573502,0.000483204721983936,"105317596/105318386/105319208/105319620/105322600/105322652/105330153/105333111/105334527/105336187/105340246/105340745/105345480/105347185",14
"4","crg04141","Protein processing in endoplasmic reticulum","11 of 107","141/3837",0.00167308039406361,0.0255144760094701,0.0237753529682724,"105318855/105319990/105322320/105325010/105325130/105328488/105328795/105330973/105331513/105333774/105335023",11
