"","ID","Description","GeneRatio","BgRatio","pvalue","p.adjust","qvalue","geneID","Count"
"1","crg04137","Mitophagy - animal","7 of 78","55/3837",0.000101293775932959,0.00678668298750828,0.00671737671976468,"105318588/105318783/105320604/105321448/105325489/105345634/105348843",7
