"","ID","Description","GeneRatio","BgRatio","pvalue","p.adjust","qvalue","geneID","Count"
"1","crg04141","Protein processing in endoplasmic reticulum","8 of 34","141/3837",2.20241105507408e-05,0.000726795648174448,0.000695498227918132,"105328208/105328488/105337929/105339435/105341388/105342784/105346349/105347543",8
"2","crg00970","Aminoacyl-tRNA biosynthesis","4 of 34","66/3837",0.00251275806633536,0.0414605080945335,0.0396751273631899,"105320309/105327616/105330840/105332324",4
