"","ID","Description","GeneRatio","BgRatio","pvalue","p.adjust","qvalue","geneID","Count"
"1","crg04144","Endocytosis","10 of 56","177/3837",0.000189666834672729,0.0104316759070001,0.00998246498277521,"105321025/105317810/105324517/105333773/105336720/105339958/105342258/105342781/105348659/105343449",10
