"","ID","Description","GeneRatio","BgRatio","pvalue","p.adjust","qvalue","geneID","Count"
"1","crg00071","Fatty acid degradation","10 of 108","40/3837",8.59197513162805e-08,6.87358010530244e-06,6.33092904435751e-06,"105319409/105321895/105332999/105333323/105333437/105335621/105336470/105346656/105348652/105326193",10
"2","crg04142","Lysosome","16 of 108","191/3837",6.71263761923884e-05,0.00268505504769554,0.00247307701761431,"105340324/105318146/105318218/105320723/105321566/105323285/105326821/105328916/105329527/105331028/105334333/105342463/105345520/105347059/105348036/105348190",16
"3","crg04146","Peroxisome","10 of 108","96/3837",0.000305416338098338,0.00814443568262235,0.0075014539182048,"105317035/105319409/105325181/105329358/105332999/105333701/105336995/105338951/105339902/105346656",10
"4","crg01212","Fatty acid metabolism","7 of 108","59/3837",0.00117587056556427,0.0235174113112855,0.021660773576184,"105319409/105321895/105332999/105333323/105333437/105346656/105348652",7
"5","crg04140","Autophagy - animal","9 of 108","110/3837",0.00343817335368189,0.0463741307300242,0.0427130151460749,"105318588/105320190/105323285/105325209/105328916/105329694/105331792/105335251/105337869",9
"6","crg00830","Retinol metabolism","4 of 108","23/3837",0.00347805980475182,0.0463741307300242,0.0427130151460749,"105320167/105321989/105336470/105336995",4
