"","ID","Description","GeneRatio","BgRatio","pvalue","p.adjust","qvalue","geneID","Count","GeneRatio_2","Rich_Factor"
"1","crg00071","Fatty acid degradation","10/108","40/3836",8.61281506912231e-08,6.89025205529785e-06,6.34628478777433e-06,"105319409/105321895/105332999/105333323/105333437/105335621/105336470/105346656/105348652/105326193",10,"10 of 108",0.25
"2","crg04142","Lysosome","16/108","191/3836",6.7334099979755e-05,0.0026933639991902,0.00248072999925413,"105340324/105318146/105318218/105320723/105321566/105323285/105326821/105328916/105329527/105331028/105334333/105342463/105345520/105347059/105348036/105348190",16,"16 of 108",0.0837696335078534
"3","crg04146","Peroxisome","10/108","96/3836",0.000306050418467074,0.0081613444924553,0.0075170278219983,"105317035/105319409/105325181/105329358/105332999/105333701/105336995/105338951/105339902/105346656",10,"10 of 108",0.104166666666667
"4","crg01212","Fatty acid metabolism","7/108","59/3836",0.00117764577224509,0.0235529154449018,0.0216934747518832,"105319409/105321895/105332999/105333323/105333437/105346656/105348652",7,"7 of 108",0.11864406779661
"5","crg04140","Autophagy - animal","9/108","110/3836",0.00344410552833523,0.0464174896587376,0.0427529510014689,"105318588/105320190/105323285/105325209/105328916/105329694/105331792/105335251/105337869",9,"9 of 108",0.0818181818181818
"6","crg00830","Retinol metabolism","4/108","23/3836",0.00348131172440532,0.0464174896587376,0.0427529510014689,"105320167/105321989/105336470/105336995",4,"4 of 108",0.173913043478261
