"","ID","Description","GeneRatio","BgRatio","pvalue","p.adjust","qvalue","geneID","Count","GeneRatio_2","Rich_Factor"
"1","crg04144","Endocytosis","10/56","177/3836",0.000190068757229348,0.0104537816476142,0.0100036188015447,"105321025/105317810/105324517/105333773/105336720/105339958/105342258/105342781/105348659/105343449",10,"10 of 56",0.0564971751412429
