"","ID","Description","GeneRatio","BgRatio","pvalue","p.adjust","qvalue","geneID","Count"
"1","crg04141","Protein processing in endoplasmic reticulum","8 of 34","142/3838",2.31518954750548e-05,0.00076401255067681,0.000731112488685943,"105328208/105328488/105337929/105339435/105341388/105342784/105346349/105347543",8
"2","crg00970","Aminoacyl-tRNA biosynthesis","4 of 34","66/3838",0.00251039402490972,0.0414215014110104,0.0396378003933114,"105320309/105327616/105330840/105332324",4
