"","ID","Description","GeneRatio","BgRatio","pvalue","p.adjust","qvalue","geneID","Count"
"1","crg00071","Fatty acid degradation","10 of 108","40/3838",8.57119060724838e-08,6.8569524857987e-06,6.3156141316567e-06,"105319409/105321895/105332999/105333323/105333437/105335621/105336470/105346656/105348652/105326193",10
"2","crg04142","Lysosome","16 of 108","191/3838",6.6919327312113e-05,0.00267677309248452,0.00246544890097258,"105340324/105318146/105318218/105320723/105321566/105323285/105326821/105328916/105329527/105331028/105334333/105342463/105345520/105347059/105348036/105348190",16
"3","crg04146","Peroxisome","10 of 108","96/3838",0.000304783692839853,0.00812756514239609,0.00748591526273324,"105317035/105319409/105325181/105329358/105332999/105333701/105336995/105338951/105339902/105346656",10
"4","crg01212","Fatty acid metabolism","7 of 108","59/3838",0.00117409839850246,0.0234819679700493,0.0216281283934664,"105319409/105321895/105332999/105333323/105333437/105346656/105348652",7
"5","crg04140","Autophagy - animal","9 of 108","110/3838",0.0034322523755616,0.0463308222705776,0.042673125775532,"105318588/105320190/105323285/105325209/105328916/105329694/105331792/105335251/105337869",9
"6","crg00830","Retinol metabolism","4 of 108","23/3838",0.00347481167029332,0.0463308222705776,0.042673125775532,"105320167/105321989/105336470/105336995",4
