"","ID","Description","GeneRatio","BgRatio","pvalue","p.adjust","qvalue","geneID","Count"
"1","crg03050","Proteasome","5 of 61","45/3838",0.000644217734638264,0.0457394591593167,0.0400093119406922,"105327391/105329473/105330688/105337951/105341026",5
