"","ID","Description","GeneRatio","BgRatio","pvalue","p.adjust","qvalue","geneID","Count","GeneRatio_2","Rich_Factor"
"1","crg04141","Protein processing in endoplasmic reticulum","10/54","141/3839",1.94592136024063e-05,0.000972960680120314,0.000942235606011252,"105328488/105329748/105346302/105346349/105345989/105342784/105347543/105341388/105339435/105337929",10,"10 of 54",0.0709219858156028
