"","ID","Description","GeneRatio","BgRatio","pvalue","p.adjust","qvalue","geneID","Count","GeneRatio_2","Rich_Factor"
"1","crg04144","Endocytosis","31/267","177/3839",9.07800262317406e-07,9.25956267563754e-05,8.02686547733286e-05,"105317810/105318103/105342074/105326718/105347356/105321017/105339958/105345550/105333773/109619106/105344087/105327720/105325897/105318650/105347007/105340059/105333224/105342447/105331606/105335021/105322050/105327432/105334890/105328080/105339937/105342876/105337930/105337075/105342463/105334470/105334311",31,"31 of 267",0.175141242937853
"2","crg00071","Fatty acid degradation","11/267","40/3839",5.63602485791694e-05,0.00287437267753764,0.0024917162529738,"105319102/105336470/105348652/105333437/105346656/105335622/105333323/105342925/105326193/105321895/105339789",11,"11 of 267",0.275
"3","crg01212","Fatty acid metabolism","13/267","59/3839",0.000147906503939579,0.00502882113394567,0.0043593495897981,"105339056/105319102/105348652/105333437/105346656/105341564/105342284/105333323/105342925/105330728/105340049/105321895/105339789",13,"13 of 267",0.220338983050847
"4","crg04142","Lysosome","25/267","191/3839",0.00133458173112757,0.034031834143753,0.0295012803722936,"105340690/105319353/105347059/105328336/105323790/105339958/105340763/105329422/105326821/105331657/105335927/105331028/105340059/105318218/105339566/105338718/105334333/105340049/105328916/105341804/105342463/105344064/105320698/105338683/105331760",25,"25 of 267",0.130890052356021
"5","crg04146","Peroxisome","15/267","96/3839",0.00225384976122687,0.0459785351290281,0.0398575536722225,"105339056/105342001/105339902/105320852/105320492/105338951/105346656/105329358/105330227/105336995/105324179/105342925/105325406/105325181/105339789",15,"15 of 267",0.15625
