"","ID","Description","GeneRatio","BgRatio","pvalue","p.adjust","qvalue","geneID","Count","GeneRatio_2","Rich_Factor"
"1","crg03008","Ribosome biogenesis in eukaryotes","15/149","79/3839",2.13908895189329e-07,1.45458048728744e-05,1.39603700018299e-05,"105323847/105329502/105341403/105340884/105318560/105327414/105342694/105332856/105347537/105326651/105334252/105329551/105327664/105347334/105332140",15,"15 of 149",0.189873417721519
"2","crg03040","Spliceosome","19/149","141/3839",1.35004215917599e-06,4.24509191766481e-05,4.07423682500338e-05,"105324065/105319620/105340745/105345480/105334527/105330153/105333434/105327851/105344728/105343247/105317596/105322600/105347185/105322652/105326953/105333111/105336187/105319209/105340246",19,"19 of 149",0.134751773049645
"3","crg03013","RNA transport","19/149","144/3839",1.87283466955801e-06,4.24509191766481e-05,4.07423682500338e-05,"105347464/105336042/105338957/105331448/105330153/105339039/109617380/105343479/105317347/105321705/105331595/105328593/105331793/105344597/105322817/105342933/105339951/105319209/105345876",19,"19 of 149",0.131944444444444
"4","crg04141","Protein processing in endoplasmic reticulum","13/149","141/3839",0.00288676905544064,0.0490750739424909,0.0470999161677157,"105336785/105328488/105331513/105325010/105318855/105325130/105335023/105330973/105322320/105337306/105340370/105326395/105319990",13,"13 of 149",0.0921985815602837
