"","V1","V2","V3","V4","V5","V6","V7","V8","V9","baseMean","log2FoldChange","lfcSE","stat","pvalue","padj"
"1","PGEN_.00g149990","Scaffold_06",54102622,54110052,NA,NA,NA,NA,NA,838.05275502924,-5.39144655064394,1.1713100076915,-4.60292024762067,4.16607792109619e-06,0.0177974848789229
"2","PGEN_.00g323180","Scaffold_16",20545251,20560285,"P38942","CAT2_CLOK5","4-hydroxybutyrate coenzyme A transferase (EC 2.8.3.-)","GO:0003986; GO:0006083; GO:0008775; GO:0019679","acetate CoA-transferase activity [GO:0008775]; acetyl-CoA hydrolase activity [GO:0003986]; acetate metabolic process [GO:0006083]; propionate metabolic process, methylcitrate cycle [GO:0019679]",15.8121625248978,-1.42136308261216,0.300629816680912,-4.72795113373866,2.2679674760923e-06,0.0177974848789229
"3","PGEN_.00g333460","Scaffold_17",18970377,18973713,NA,NA,NA,NA,NA,21.7484972560174,-2.65048647806604,0.599703816573608,-4.41965917977566,9.88566832273138e-06,0.028154383383139
"4","PGEN_.00g154880","Scaffold_07",5422664,5452265,"P79800","RASK_MELGA","GTPase KRas (K-Ras 2) (Ki-Ras) (K-ras)","GO:0003924; GO:0005525; GO:0005737; GO:0007165; GO:0008284; GO:0031234","cytoplasm [GO:0005737]; extrinsic component of cytoplasmic side of plasma membrane [GO:0031234]; GTP binding [GO:0005525]; GTPase activity [GO:0003924]; positive regulation of cell population proliferation [GO:0008284]; signal transduction [GO:0007165]",35.4437954040714,-0.830696914669508,0.193689193433926,-4.28881394951384,1.79629759159173e-05,0.0383689165563994
"5","PGEN_.00g215350","Scaffold_10",29868614,29881421,NA,NA,NA,NA,NA,12.1141026896247,-2.26339667282965,0.538920438864417,-4.19987165006944,2.67066327880556e-05,0.0456362941082294
