"","ID","Description","GeneRatio","BgRatio","pvalue","p.adjust","qvalue","geneID","Count"
"1","crg00071","Fatty acid degradation","10 of 60","40/3838",2.36278134555676e-10,1.18139067277838e-08,8.20755625298664e-09,"105319409/105321895/105332999/105333437/105335621/105336470/105341094/105342925/105346656/105348652",10
"2","crg01212","Fatty acid metabolism","9 of 60","59/3838",2.05711903173925e-07,5.14279757934813e-06,3.57289094986291e-06,"105319409/105321895/105330728/105332999/105333437/105341094/105342925/105346656/105348652",9
"3","crg04140","Autophagy - animal","8 of 60","110/3838",0.000260982621626466,0.00434971036044109,0.00302190403988539,"105318403/105322922/105323285/105327465/105328916/105329694/105337869/105338795",8
"4","crg04146","Peroxisome","7 of 60","96/3838",0.000642651166401238,0.00803313958001547,0.00558091802401075,"105319409/105320492/105325181/105332999/105336995/105342925/105346656",7
"5","crg00640","Propanoate metabolism","4 of 60","30/3838",0.00109184126697683,0.0109184126697683,0.00758542353899696,"105319409/105341094/105346656/105339502",4
"6","crg00061","Fatty acid biosynthesis","3 of 60","15/3838",0.00144618823824014,0.0120515686520012,0.00837266874770609,"105330728/105332999/105342925",3
