"","ID","Description","GeneRatio","BgRatio","pvalue","p.adjust","qvalue","geneID","Count"
"1","crg00760","Nicotinate and nicotinamide metabolism","1 of 2","35/3838",0.0181578587470697,0.0478817438552218,NA,"105339186",1
"2","crg04068","FoxO signaling pathway","1 of 2","79/3838",0.0407488425892913,0.0478817438552218,NA,"105339186",1
"3","crg04310","Wnt signaling pathway","1 of 2","93/3838",0.0478817438552218,0.0478817438552218,NA,"105333476",1
