"","ID","Description","GeneRatio","BgRatio","pvalue","p.adjust","qvalue","geneID","Count"
"1","crg04350","TGF-beta signaling pathway","2 of 9","49/3838",0.00542965412520722,0.0395429709293216,0.0356778685076586,"105318607/105324844",2
"2","crg03460","Fanconi anemia pathway","2 of 9","50/3838",0.00564899584704595,0.0395429709293216,0.0356778685076586,"105328687/105329336",2
